-- phpMyAdmin SQL Dump
-- version 5.2.1
-- https://www.phpmyadmin.net/
--
-- Host: 127.0.0.1
-- Generation Time: May 28, 2024 at 01:42 AM
-- Server version: 10.4.32-MariaDB
-- PHP Version: 8.2.12

SET SQL_MODE = "NO_AUTO_VALUE_ON_ZERO";
START TRANSACTION;
SET time_zone = "+00:00";


/*!40101 SET @OLD_CHARACTER_SET_CLIENT=@@CHARACTER_SET_CLIENT */;
/*!40101 SET @OLD_CHARACTER_SET_RESULTS=@@CHARACTER_SET_RESULTS */;
/*!40101 SET @OLD_COLLATION_CONNECTION=@@COLLATION_CONNECTION */;
/*!40101 SET NAMES utf8mb4 */;

--
-- Database: `student_system`
--

-- --------------------------------------------------------

--
-- Table structure for table `admin`
--

CREATE TABLE `admin` (
  `admin_id` int(11) NOT NULL,
  `username` varchar(20) NOT NULL,
  `password` varchar(20) NOT NULL
) ENGINE=InnoDB DEFAULT CHARSET=utf8mb4 COLLATE=utf8mb4_general_ci;

--
-- Dumping data for table `admin`
--

INSERT INTO `admin` (`admin_id`, `username`, `password`) VALUES
(1, 'admin', '123');

-- --------------------------------------------------------

--
-- Table structure for table `announcements`
--

CREATE TABLE `announcements` (
  `id` int(11) NOT NULL,
  `title` varchar(100) NOT NULL,
  `announcement` text NOT NULL,
  `date_posted` date NOT NULL
) ENGINE=InnoDB DEFAULT CHARSET=utf8mb4 COLLATE=utf8mb4_general_ci;

--
-- Dumping data for table `announcements`
--

INSERT INTO `announcements` (`id`, `title`, `announcement`, `date_posted`) VALUES
(1, 'EZ', 'DASDADADASD', '2024-05-08'),
(2, 'TEST ANNOUNCEMENT', 'OHHH YEAHHHHHHHHHHH', '2024-05-12');

-- --------------------------------------------------------

--
-- Table structure for table `feedback`
--

CREATE TABLE `feedback` (
  `feedback_id` int(11) NOT NULL,
  `id_number` int(11) NOT NULL,
  `message` text NOT NULL,
  `created_at` timestamp NOT NULL DEFAULT current_timestamp(),
  `sitin_id` int(11) NOT NULL
) ENGINE=InnoDB DEFAULT CHARSET=utf8mb4 COLLATE=utf8mb4_general_ci;

--
-- Dumping data for table `feedback`
--

INSERT INTO `feedback` (`feedback_id`, `id_number`, `message`, `created_at`, `sitin_id`) VALUES
(1, 1, 'Hi thank you for your amazing review', '2024-05-07 14:24:50', 0),
(10, 4, 'such an amazing app thank you for the wonderful experience', '2024-05-07 14:36:59', 0),
(11, 1, 'thank you for the amazing app I love u', '2024-05-08 20:14:22', 0),
(12, 4, 'I love the website so nice and amazing <333333', '2024-05-12 15:12:44', 0),
(13, 5, 'Ohh yeah very nice website', '2024-05-12 15:13:37', 0),
(14, 11, 'Naay Guba PC', '2024-05-26 05:48:41', 0),
(15, 1, 'PC 14 COME HERE PLS NEED GUIDANCE', '2024-05-26 05:50:14', 0),
(16, 1, 'PC 14 COME HERE PLS NEED GUIDANCE', '2024-05-26 05:50:29', 0),
(17, 1, 'PLS', '2024-05-26 05:50:34', 0),
(18, 1, 'help', '2024-05-26 12:00:07', 0),
(19, 1, 'Guba PC Gaw', '2024-05-26 12:51:09', 120),
(20, 1, 'test', '2024-05-26 12:59:14', 0),
(21, 2, 'Hello Test', '2024-05-26 13:00:08', 0),
(22, 2, 'test 123 321\r\n', '2024-05-26 13:03:09', 0),
(23, 12, 'Help my pc is guba', '2024-05-26 13:19:03', 0);

-- --------------------------------------------------------

--
-- Table structure for table `registration`
--

CREATE TABLE `registration` (
  `id_number` int(11) NOT NULL,
  `firstName` varchar(20) NOT NULL,
  `middleName` varchar(20) DEFAULT NULL,
  `lastName` varchar(20) NOT NULL,
  `age` int(11) NOT NULL CHECK (`age` >= 18),
  `gender` varchar(20) DEFAULT NULL CHECK (`gender` in ('male','female','other')),
  `yearLevel` int(11) NOT NULL,
  `contactNumber` varchar(20) DEFAULT NULL,
  `email` varchar(20) NOT NULL,
  `address` varchar(50) NOT NULL,
  `password` varchar(255) DEFAULT NULL,
  `profile_image` blob DEFAULT NULL,
  `remaining_sessions` int(11) NOT NULL DEFAULT 30,
  `is_approved` int(11) DEFAULT 0
) ENGINE=InnoDB DEFAULT CHARSET=utf8mb4 COLLATE=utf8mb4_general_ci;

--
-- Dumping data for table `registration`
--

INSERT INTO `registration` (`id_number`, `firstName`, `middleName`, `lastName`, `age`, `gender`, `yearLevel`, `contactNumber`, `email`, `address`, `password`, `profile_image`, `remaining_sessions`, `is_approved`) VALUES
(1, 'Dereck', 'A.', 'Abella', 20, 'male', 3, '09556487959', 'abellasecret34@gmail', '82-e salvador street labangon', '$2y$10$mq1egPllXdVo7374hBnMZey8VA5aejGWvSHndg9OtNJT1oIRnfwwm', 0xffd8ffe000104a46494600010100000100010000ffdb0084000a0708161615181612161818181a181818191a18181818181818181819191818181a1c212e251c1e2b2118182638262b2f313535351a243b403b333f2e343531010c0c0c100f101e12121f342421213434343434343431343434343434343434343434343434343434343434343434343434343431343434343434343434343434ffc0001108012c00a803012200021101031101ffc4001c0000020301010101000000000000000000040502030600070108ffc40039100002010302040404050302070100000001020003041121310512415106617181223291b113a1c1d1f014e1f142520716236272829215ffc400190100030101010000000000000000000000010203000405ffc40023110002020202010501010000000000000000010211032112314104132251611432ffda000c03010002110311003f00c73083b1c184b6d066f9a72d963eb48c936f380d6000f7872fc223ab689ed3e511a5b3cba2321c5b0872245f6cf1953da3211835cd288afa8cd2565d227bc581a0a6666ba40dc46974b17541158e08e2410eb2f099388df80f0f57aa3f13e500e7b03d333256c2d899565aab18f1ba28b55853f94607be3530355824a9d02c885920b2604fbcb004af96772cb313b1318ab9674b313a6300b4181cb421e0b4fe6326ca933248351232ca03e28501f43aa061d41e2d46865169624c7b66731f5a26620e1fb89b1e1b6fa08c89c812bdbe933fc429e26f2a5b02265f8d5ae330b404cc55d08b6a88d6f9704c575a4d9540dcd839108b5bf746e642327b8c882b9d6492043782ea9705ce5b52752658ab2850330c5585808859d896f24f9cb018af12244b0891226a0119d3889f6608b1e0d477261354c1a8ec7d648a9396db7cd2a96db6f1a3d81f432530ab76812185503acaa266a38326489bcb04c01313e1f5da6eacb612914464185348978c5be54c7a2037a99119a14f2be2d4b04c47584d8f886db52663eb8de4a48b440b1ac991223792883b2b19ce91ad1438d60366b968d408c0643967c225b8913002ca984a8cb9a54663119d3ece98228ae74329a23e19657da4507c2244a9d2eb794197dbc688b20b430cb7de02861d6bb894421b3e04369b4b46d262f829da6bed5b49789090cc34a6e769f55e5755a3d0863bc4f85524cf3faadcc4e27a6f1eb60ea419e7b7d6850e9b48c91783d0bbfa6320f44884879c5498852ca2cdf0dac6eac0ed16ff004e4c2eda911bcc065f20d2c32a68008adcca8c9b995984c74e9f099f600896b99f7a095dc749634895398cb28ed29c4ba9ed1d0ac250c3ecf78b9230b3de3a119b0e12db4d5da3e931bc2db69a9b4a9a4bc48cc6eaf3e3b41d5e733ca9201e20343317c5e9ef36b7874995e289bc94cac4cb253f8a1f4e979495bdbe5a1cb4644a58204f291710b74833898d650f297973c1dccc12b632b2648c8198274e9f333e4061356dc4b1b7907f9c49b9d644a9132f4944b963a1645cb185a45a9185b1da3a159a7e1cdb4d2da3e932960f3436af2d02321cabcfa5e0a8f27cf2d64caee5b488af963aacd15dd2c9c86880d9dbc21e942ada961649d24a8713d6480d611b5cac577020682809e0f50cbaa183b98062b6913398c893004e9d224ce98c285f9e48c8533f118f78370da55c72972953a671cac3b0f3912a958904bc47773e12ac8742adf507f6803f0baaa70e8c3cf19fb468b467192f050821f6e230b3e0a48191ebefb11e5f68d6df8481f30d7f80fa8eb03cd1899627205b0463b031ed1caeff00c327694d90fc8307a8fd7bcef1067f08942548df1da6f7a54da41f655a4c9ff5e076edbc99e26bfc312d9a66992da9249c9fb7de2f09cbcf8391ae3c8fc409fca4d7a9c97d94fe681a737e18e146be64090ac7a9c0f798fb6661501c9dc601e832731ca02ce0b12474fe7a432cf3abb37f3c10fa9575c63ace77110d7674a8003f0b11a7dff3c4637ee54000124ed8863ea1d5b44dfa757af275789ee61ea8e46a20f56d58f4273da53de8b17d87627ab05631b711b408a093f113f2e4640c7589dcc74ed58928f17445a564c9399513300e267d91267c98c2da5b98559d5e5606094b63260c8953d02c388bf28e660074d7587a5f938ea3be661f878cfc551bd01d49fd84d4f0305f3f0e146c73bfd368b2d2b2f195aa63d5391999ae2be284a6fc8a35fbfa6232af5cd47294f445d1883ab1ec0f6986e3fc1dd1cbaa92a7a0d4afef278e09bb6194a87d6de3800e081aedaebf4206616de254ab942307efe53c8ef092c73df007510eb3accaa0e76e87f49d6e1488a9a6f68f516ac79303b6912db542a7d773ee739f2d637f075415a8f31d48c820f7926b1d5872e75c6fe7fe6432c54765632db40b654c17c9db07fc42ae5187272e7423271ae077f692a16843f28c8d8fd349a7b4b50c46469cb8938d49f10c9f1d88f9f251980d35c9e99dfdb6853f18a23e665ccccf8ef888a0e29a9d4af360799207da79c5df14a8e4eb819e9fbcea58d748939a4ad9ec4be21a25b1cc31277601e5743f0e7231fbcf3cf0f700ab70cae41440412c7427c901d4faed3d4ae2c80a6a146806180dfd57ce4651e2ec7e49ad18fe21532c4c5ec630e2b4b91c8072370667ef388221c319d1176ad1c8d34f612ed204c0071443d44256a67510d18b18ce95933a0080a6d240c8aec2749141af0646738033d75da6905e1a54f19f89ce064608e907f0d5bf2532e46ff683712a81dc760449e57748b615db18ff005c5500418034d31a9ea64d6f4b802a26403a1d5587b759451d7e5031d75c7d0ce66c7fa81ed9c69e5991526ba2ee2997def03b5b9c73af2311856f95bdc8dfde2cabff000e2ae7e1a80274e61ae3d46047342b0d028d4ee7403cf6de69f85d67552bd3b1fdccbc32bba7b233825b462387f07a966df869501673d35c671aedbfed1a2dd14396d403ef1c5ef0d60ad54fce76f43a1f6fdccc95bdd731651a904827bff358b9936c6c6d343817e4d4575207c246a0e0ea3f68d2c6fc1d39b1e87699a4b570574c67d75fede518a232839181de478b8ed0ed45e8238ff81e9dcb9ad519f99828055800a14630011ea7de2d4f075b5b7c4ea19ba17f898fa03a0fa4f41e09934549ed13f18e1e5db27f3c8fb66774a4f8269767246b954bc080f1865c0a68aa07a9fa607ef3eaddd77c600ef9efec4e44ebbb509fe8d7b8fed29b3b8246172a760493afb4e36e52eceaf8ae91471ea2c69329d1d7e25df6ea30379e5d776d519b2d3d8afedf425be2d0f974e9de79f551a99d181b49a397324da6650593e768ead69d420f2ec06a6155574d24edd8aec483e53a397d92a2aa354e0f3ee274b4a09d01a8a021c0c085f0bb167a8aa41de52d582ee71341e12ae1ea7a089c47b34dc42d8250d34004c8b6ac4f53379c4c83488ee3131578810686472af91d187fcd05d0bf54015baf9e65ac69eeb824fbfe53304b3b69ac7fc25c021797e834fa192a2c3de0d6a73cd50e0741fb636fca6845e228d3f3fd4c596fb62595eceaf292810762cd838eb8d303de5611d6884a56f65d7fc50b00ba618e3cbe93cff8cde9b5acc2980559b9b9b9481a81903b1dfeb1cdcd9d5c3e6a2e7983039d140dc7afa4617b6095a861c06d37c00492371d8fd63c537d9ad47a33b6fe2576504f2791e5f2f584f0ff001054b8aa945704b1c3614e00eac75e835990af6af4d950838e62079ef3d0fc0568b4159980e772727af2f619dc46516dd32939c546d23d02c004455073818cfa4aeeaa8eab9f4832d6c92a1c0ec0eb89655248c165f5c127cc69d65eae3479fe6ccd7898f215645ce74c60118f4e9330fc4d83fca517f5efd63ee3959b9c853b771f7c4cddcaf31c1fb1fb09c734948ec86e2ac616dc479d807c95db2718c1f203104afe18cb3957c0ce403da7ca23971a03e7ca47e781f73195d5dfe1a07a9b631361752afb3658a71175b7865587c6f881f19e194292fc15799fb41f88f1867d109558acb6779d4daf0731d3a7ccce88609e3be1dafcecfc87193b7687f82289476e61838eb3d2ee28687acc25cd664acc4a72f4dbf38252d0f18db1bdf5d06f8753337c45f9ce1741d7fb469615d59f0db9ef0ea9c2831f2f49ced36ecea8d47465a89541a0c98d78716241e43f6fbc756dc1d57a0fa43e95a81da6e2d85cd10a27e1c912cb96465d723231b997bd3f870373b7979fac5c9580ca9d48ea7a9efe9f7fb5e3a441ab1457b65e6625f42bd06f8eb9d0e6146b8e4e54e61800684832eb9e5c021475fbff00882547ec713791946c4bc50fca4ea436320635fd77de13c0b883071cfaeba6834fe6607c5c6400a73a8275dbbfbcb7875be0875391fcdfce358ce2b89b0bfbd50c492ea39576cea4768470be2ca745c9cea739d0fbed11dcd62d8c119e5c69a1f692b11d7afd2172a21c156cbf893976662c719d32738882b5d22b60ae7dbf5e91fdc532fb9fefeb016e10a7704face792b76562d24770bb8e638e4241d891b7bee630e3b661e9f2e35c69afee646c2d550e40c625b73781db1cdd3b6b16b8ed99fc9d23cd6e182b153a11202a0ef2ef135b04aad827e98888b11b4e84ed1cee34c77c8719c693a2a37efcbcba693ec7a168fd13f86bde653c63490283fea9aa6b602623c58e39b941da4a6ea2746356ccaa542181075ccd8f0abce75d779807ab9638e908e117dc8fa93e7ac44524acf4a13e831758f11471a1877346265a5f5805ddaf36a37e90a0f38b4264c46cae3dbe915dcd0a877381e43135eca0c12adae66b1d48c83dab0185f79d6d69510e53dc1d419a836baed25f841779b901c8576eae7e65007bc609531a6e64b793502249b7d1aefb3ee49da7d00f59f1ea0519896ff8dafca875990b57d0c6ad73921608950f3ebcb9f28be85c9c649f78559d60c74fae7f492c8ecbc2340be3145281f033b759e7f5ea8067a6f1ca45a8b63248d741f69e6f754493f10225f03b8ece6cabe409f8a274fad6b3a5f44b67e89e2bc439149de79a718bc2e59893acdaf8b6b814c82279cd56c8399cd936ce9c4aa3605446f2824f37f043106368355de6f238d6cf8914c604d270fe321f43bcc4203884dbd7653f0e9e90a62b89e8a95b32d5799ae1d7474c9cc74952111a0f569cce0413f1a41ea6660173d7943b6656cd205e00932645aae256cf05aae61303712ba3b67f499f6425b2778eaea896de2bb9508467aec7f4818f1a0f42027c446ba1e6071ef896d8a843a0fa64889e8bb83952489a3e1c32bafe725255a2aba1d5838dc8cf71de31bff0a5b5ca64a72b11bae87f2896d6a80718d7f29b6e14579012653d3cb6d10ccba6799710ff0086b5464d170c3a06183f513a7ab3d551d67d9d548e6b679a78d2f32719040fbccad3d5758d3c4b74ad51c0ef135bb6379caf6d9d8b4910ceb2aa9bed993b822544c06b2d53de15452028fac2e957c9e55f7261a3263ce1ba4682a44d6b58698ff30cfea0464847d8c0d49247812be924b566142bf127c668333c99798c75463290732de7cc814ea2631f0ac41c4a8fc446e339f431f13057a3aebd606e878f62db0a27fb4788a393b63b4a69854d4c0ae6f016cae9f949716d95b18f0ead86393f59b9e1aff00399e79615399801fe67a159dbfc23b6253146a44b2bf897a6b3a134296274e939ecf2be216aae0b0d0fde671ebaec4e089abbba27a0f6992e2f40a9d57199268bd83b5c4953a903449604ed0523053c883cbfcde569531bc2b018450d975bdd9c82761f78c2dee7e2fa7e7132aeb8ed2fa3bc36634746be722585e2ba6fa0f4c4b16b6bac6a118c0bcb0548b9abcefeaa6a358cbf1241eae91435cf9e277f57e73502c2deef1b67de50f787a9c091a54daa1c01a4bbff00c5727bfe9124d228806a572db18c2c7877e2a91ae46da63ef096f0eba2f36069a91dc4d05952e40b9db1ee22395743191e0b4dc5cad323fd5f6de7b15bd1c28cf698af0970de7b9a95b1900f2a9efdcfda6f1e99e93a231a564324af47d1813a5255a747b27460eee983b4ce71ab3e7520ee3633d213c38c7e6603d042a8786a88d5939cff00dfa8fa6d168a7247e7d556c95009237c6bf697846ea8ff00fc9fbcfd1696aaa308aaa0740001f94855a2afa328f5c6b0389b99f9cdd1bfda7e865495883e53f4256e0ea7e53f58aae7c361be6a68feaaadfa4dc43cd1e354ae013a6f0ea549ff00dad8f433d2ff00e5fa68722dd14f714c0fb080f12e1c181280061d3bff0078ae21523168c46e08f513eb3c63820e0cbe9db0738e40c7d32604c66846d5244d69a2a1e1bfc475555752c7cf03cf58dad3c0043ffd71f08d72189e6f2f28c9d9368c11a6c75ce079cb2de892745663e409fc84f5bb5f08db0231481ffc8961f42711fd1b1441844551d8281f69b8b66e491e59c16c9f4255b1d8ab09aab6e13518f305c11a024e011e73674c29dc0926a0bda2fb29bdb33cdf4846bc2988c315f681dd786dd97955c2f4f97a7d6697fa7ec713b948f38eb1c45e6c5fc22c5685308aa741b8ebdccbabd73d018583892201de3d097b12bd67cec713a373444e838fe8dcbf0b984f84cf84c89d638a76f22d4c193381bcfab88a628fc392543d25fcc2517374a340c33da63106a98382cb9ed06bab447d1b193b11b8f78aea310f930fa0f9222dd8f5467eff00c3ebcd971ffb2feb2143872d3d106a7af59b051cc086c79895d2e1e99f3e99da6e26e5f60965c3ca9e66eda4b5ae4a1c36a3ce1e88468653736c1c79c20bfb3adee54fca71e47f784861d74999b94746eb2cb7e28c343a88392f21e0fb43f74c6a25b4df222db7bd56d8e0c294c64c46a8289912d221f32b698c56d7001d64d2a03b41dd041ab065d441614931ba99d01b6bbe61e73e4366a0e2b39dc28f39f6a560045173744b6266e8d156181f27267c3571065ad8116dfdf63ac572a1946d855f711e50664eeaf999c1c991bdbae6eb17abe587ace694db67563c69235e9539a983d46f18d8b64080d850ff00a67cc49dbd4e4de5e3fa425f4878ebd41d47f31392b6778bd6f7305bbbcc1d23721146cd1255077facfafa6a265938a15eb0a4e35cc31b4ca48ce0c755e9071a899ee21c3caea368ce87124ea6142e11f433492664dc4c92542a639b1bfc8c1de55c5386e3e24da2c5aa541e5df126ae2f651a5246a52e01eb2f4aa0e9d662a9f1160778d6d78a2b68da1e863472262cb1343da89da50ec3632ba57471be658d581dc60f947d094c5ee851b23633a1d50022741435945cddf9c05aa000931457b86ef00e2176caba19273d94501bddf12006871115cdf168b92bb37cc732aaee64db6cb460917bd69d45c9316f39cc3293903480734d4b8a3aa019e9047bf24ea6226b863b9934730b6c5514686deecf430a6ac08d620b2730e773326d0ae2821ea4ac5580bb9934fd26a08c12af9c328df91140ebfce861b6d441dff9b4c9b15a4696c3892b8e56825dd05a44b67e120e3dfa4953e1e814633f5f282de2679724ee3af9896ed12f3a162da3b6aa0997a70eabd1089a0b740a001b4b19cc1eda33c8c0ed6ddd47c4ded0bccaf9ccf9d652a846db2e7a9a4e9589d300ffd9, 28, 1),
(2, 'Diovic', 'Caballes', 'Solon', 25, 'male', 3, '', 'dsadcxvxc@gmail.com', 'cxzcz', '$2y$10$tbiMXUHiwRRHa5xAo8OfROXaWRhRtDSdQFyVs9aUZhRQ3JxwyZRsm', NULL, 30, 1),
(3, 'Diovic', 'Caballes', 'Solon', 25, 'male', 3, '3231231', 'dsadcxvxc@gmail.com', 'dasdas', '$2y$10$b9IVh3czekNDB69fszqBJe9nAxvjkLhaSXrTaEXKZJYtAavRDpxuS', 0xffd8ffe000104a46494600010100000100010000ffdb0084000a0708161615181616161918181a18181c1a1c1c1c1a1a19181c181c1a1c1c191d1c1c212e251c1e2b2118182638262b2f313535351a243b403b343f2e343531010c0c0c100f101e12121f342b242b3434343434343434343434343434343434343434343434343434343434343434343434343434343434343434343434343435ffc0001108012c00a803012200021101031101ffc4001b00000105010100000000000000000000000501020304060007ffc40038100001030204040405030304030100000001000211032104123141055161710622819132a1b1c1f013d1e14252f1142362720782a292ffc4001a010002030101000000000000000000000001020003040506ffc400221100020203010002030101000000000000000102110312213132410422516113ffda000c03010002110311003f00d9711c367616f35e5bc568bf0ef21cd25b3b2f5ccaa8f12e14da8df334158d1b36a3c7311c49bb4a21e19c5b9f51c0e81b2119e35e186364b6c85f02c3163dfdbeeadc6bf6424e568de70d7584a3787718b6eb3784790d6a3983799d6c02e9c1f0c1341175ac6e539afd9454dd37d4ae74a72b2e3654a152a4e2acd35466c4a4afecb71cf575f43cbc04c2e95d900d57665cd95a74cd8a9ab4383571202617289d5392161a2625465ea3925398d50343a574c2401385350834bca4853b292780022a2d81c92216d22b94ff002faae4faa17665700263ca78694e14d4080789e1241b2ca1c2863dd3baf41c681956178f540d3239a316949024ad13d09b0d917c2bc00650ce1f55a580eeadbafa2e843c32c82f877c6855b6326e507c13898e88a32a92ad2a685acf74c0d14b41c7ba8291971dd3da4ec611017a67ba85c0a9a932c9ee602163cd854babd2fc5935e3f0ab1cd706a786291b4d61d5a746bd91086faa7b699deca52404867b7d5151fe81c8e0c013b3724cb0ebdd35cf28da40eb2471e6537f53928e1286143661a39cf5c9c18b9020afaa0281f5e74554b894f6311b6c6a488eb7c249e456338f53655a61ec702d22411f9aadbd5d085e79c4f02fa4f79a660124b99ab4f58d94488c8fc338824398750602d253041e8b23c1ad56740ef915b460000b824ae86077132655522de19901753a9b247e258d1e62153afc728b7412b45a4541ba5f0fd5494c81d1649fe25bc35b657b0fc4dcf831dba29681469062402ac30e612b2edab57500c73443058e20c3ec8344a0d69d53499d4fa04c6550ed0a905d63cf8dfa8bf14fe98a0a55cd6a6d7c4318d2e7b835a3524c01eeb2d7f4d03831718080e038f1c456cb45bfed3273bdc20bcec18361d4a3f954211c929ed61dca700135cfe481052572686f35ca74852b0485c4a4790048ba81d5b609a517074c917b7512930b3bc6f0f2eccd9cc2e11b0c27555b1d4ac910ccc562708e9cf4ace1f1339f56cebd956a9c58b6c439aee46d1e88b713746e2469227e69f87c2b1eccf5b2902d95c2fefb05626d08fa026e29f534249ee92ad020799c4e821a27df96e8b6248134da034136b0066f33fbaab82a4fa8ecad6132ed1dc8f5163a2b14e55e95b8233b8ac4d465839ca6c3715c636035e44cc59bfb238de0ac351cd2ff0035e00bc18306ff00441f154dd4ea6422e0827ec7b27537f44d1169be2dc631b9016b80d1c5be6236985360bc555dc61e1a4db62210aab500200bebfcd91f67017369b2a976524823b116fa23ff005925e834468705e250185ce69ccdb58823afd118a7e26a1177de391586c4512c9cc25dcc4653239fbfb27b70ed710261ddac76fb041e775d22c4acda63fc441ac96364ed9beb01659cdab897e67b9c5b3be93fdad68b7aae7e000233bcbad603ca3d62e7e4b4dc2f0a3cb3600580881fb2cbeb2fe2411e0781149800002265c9add139101c53495c94354a20ccab94a02e528160ba948c103bfe148c6594e5e795bd92d360dc1ecb767c4e54d19f14f5e32268e572998ac392dbd95e6bc0f842a3c52be5639c4c402b26a917db66378db98d21b05ce27411a6e493a2af558f205835805e4ccf20210b7e2cbdce7b8de6e7ec111c2f110f39035c4c45a3ee6c964c648928f0d2ef39786db731602209dbb235c0f0c5ae0e96113b19f63267d3d579f78b99598fc8e739adc99c069876b1728070ac6969a8e7e26b528692cca0bf33ed95a65e32820ce6be89e3172e8b2925c3d631780737179c37c8466e81d171dbf741f8be1d8fa998ba1d972f711b75d53bff001f78bdd897ff00a5c4c17907f4dfa1745cb4ed36faa21e21e1c69bdd0741e68d81d63a9086ad326d68cd61b87076526ce100db587104f7910b59c69cf7b28b18dcc64488b0b1172846030ae7bc0dcbb9ef62607a9f9ad1f8978a53e1f870e7f9aa38431b69279f44ae2db0a7441c4f041b498d03a7a9dff396a82b704e0338075db969a7e6ab355fc558cab4df59afa74d8d735b94b9a1e4bafe569973801a98fa153786f8fe21cf0c792f63a608dadba328b4ac11926e8d10c6b1b94542465d4c4fbc2ddf0c731cc696907ca0edbac63e8b72b81734d89d6ffc293c1b882dab909317b6dd0a18da7c0cad1bf0128095239e06aa512c50b9ce0354d198e820733fb27369017373d53288ad8d0e27e11ea57290b97294816546b1a2e241ea07ee98f7df43fbfd92b9d3a0fbff0084dc4b896ec0f51fb2e919417c5388fe900fd5b30eff008f551f88087e15cfa6756c837b8f451e2f2bd8ea6f021c08307e63a8555941d4f0069b88716e7034bb64c1bf459f3c57a5b89fd1e71877976c6f2ae70dacfa6f91a9d27dd58e174d9948cb7ba87114e1d6f43fe161be9a433c7e98c6358f60ff00798d731cc3033b1d780663303713ccaf3fafe19c535f97f49e6e00247b4837d392d6e16a10446a795dbd74fbad2f01e2ce6117910648922db0dd5b19ea8471d9981c070dab86c5619d95cc707b5c4905ba9ca601dae6e57a87886bb1d9ccc922279d964fc518a35aa67638903e2371a7a2a8cc7e6d4ced13a00ab966b2c8e2a353e19c8d783612e6f53e5d02c9ff00e447bf138f7dfc94db95862c1c007107bcfc959a78fcbbc5e5a7b25e055437122abccb4e8482674f294b1cb4fa1963b479d3283b3e42d25d3103f345e91e14e167f55951c4329d1610e7b8c07bde000d1ce049f508971dc6d1cc7f4e8539dc96dbda2faf34358ca956f9c88b0d9ad1d1a2c15f2caa51298e3d5d96b8fe299988a773cc69dedb28b84628b2ab06936b46b1f25251c10690db49b1bcfaf4faa4c5e1594ea30b5d24106274fdd578a94922c9db4d9e8bc2b166a089b8d4a22d601df9a0fc0ae4b8080e6f4b1dd1a0d5a32aa914c1fea74a694f84b0ab0d9142e5210b94a258328551a18bf485d5a8870307d8a1185c53c445efaabecce65c39f30ba54660663e8da75ea0ca0f5f883431cd7cc419fe11be20c1a9b1e9fbac7f1f04b4c024fcd57917eaec683e81b0ce97589683bcfdb7f752e2aa02643b37a7ec557c33086dcb4653b8cc637b098f58445a69b9bf0b9d1d9a3e53f55cb71766d4f8458560790d98bde6e3dc5c2399d846461f56b5c413a0048ea85f0b7383f37e9b5ad900389741ed2e871e824f45b8c1e2221b9d9a480d60b7aca751d90bb5305e0f83bab527e41300c40805cdd866b8d17950e225b51ec20b487386536208311aaf733c49b4edfa80f6127b18dd79df8e38553aa5d5e9b432a8326c007ec663437d53470a488f33665abe30800c86926d2755e8784e1318663cb4f99a1c2d0eb89dff008596f05f87e8be2ae261d119180d81d65dde17b03cb2a5203231cd00400605a204a12c36bfd0aca933cebfd37ea372c16bc5c1bcf695d42a9659cdb09dae79f65adc460e8b0978a2f6b8030438964eb3f12c7e2ea07bc99133a16e53f2b7cd57ab4ba1d9365b65404e6711d05bf0a8dec8734ea4b848b40f44dc3e180199c0df7931e844cfba9b0f4dafaac13203813b9fa2908bdd5924d6acd870f2ea707fa4f601689a411210b65205a1801cb0ae605d1e53a8d3b2e8658dab31c25da2ca44e7b80484ace5a715ca2795c9760d039d8313e6b37949fa6895ee0d10d07bcfd9262f1ac6d9dafa9fa2187165c676e936f75d156ccc2628f949711d8c09f55e69e20e22f7bdcc6c068d60ebd3995a7f11f1870058d173379d164b0385905ee24662493a8ee567cf912fd57a5b8e0df4a981779a01ff00b4e80755a2a349acf37c422c4dc127937977f920189674300fff00aebf9a7d6d6138893e43a6ee3fd23a0fcf5b2c65e15690e25ef321b1633249d1bdac4fa2be2a160d7cee99e807c4072816f7db4ad866308195d2d6f984d8973b4247b5b934aeaaf17ec00ed13f9dd3ae0bf656c4beabfe0765be9dfeeaa6370355edcae7ba3fe3ac587b2b61f0a4662e072454bfa4d4ad80c056a6d86196f5e43416457038fa8cf8ac778b6d78da7f37511e246d7855ce2c1993aff9fb04253fe1144315312f70f89c5a45c66371cc7283b5e2d6853e1f83b48cc09239da477077437058d6b6f631245f4205fd08fa052bfc4840f2b3335d36dedab6798b1ec41438fac34fe8b38f7b69b7cc5dd091af486954386d7697b5ce6cdf681f2fd9368d17d5399f3976245fd40b12111a344019b9692003dd54e752b43a8f0db60de1cd96853398410e912397d1657018f2c707e6907e203f6d02d3e1f16c7fc264f25d184b78d98a51d645e092004c63c9b68a56b39acd38b4e8d11926ac8cc95ca695c97526c62d8ca8751039687e452e341631ce32d804c9b0f7465cd009993eab35e2e2d0c634831209b9b8bae84e5ac5b33c55ba3118aae5e4bb524f32400acd2a791a1b1eb723b46ea3ab4da401a44925bee05c4f33e8ac3439a32b8cb491066e3ec5731bb76cd7e70a389a60f43ed3e87d552142d03d74fb23388c8f90e78074db4d6d7435f827b5de47f9793b4f9dc2563223a8e7b43049060b8f2dc367b0bffecabe2b12eca0663cac6366ce9eaad55ae0fc40026d6bfa4a1d89a60817240f63ec10d82a2404bb28f31d7492539ee7103ceeb289dd87edf65d4ce6266d9481cbba5b6352277b1dfdc4ab74706f701fba1ccc419824a2b836bc9105c7e9f441d92904309c1de0b5c26c67d968703c1f20748100c8049bc6e39dbe885f0ee28fa6ec8ef303fdc7e6364631359ee734d8b08103506d7208d2c510d04b06f06d163a0827d602b788a43781d23f64230dc41921b76ffd44ff00f5b234fae0b444bc1e427dc83012b440261bfdb79741871882086bafa895a7a00c35ec1a8d073dee873e9170b881b6ff002d82b1c0f88652ea4e996bbd20e965b7f166fb1665cf1fb41ba3883a3ec66dcfd91063a5517d06b8e6df9a46562d741facfbad138ecb85119532fae48da137799e82cdfe572cb45f6667098f25d92a8caf1b8b4a05e2caa4540093192477dd68ab3d95465363fd26d20f311b2c478b1cf63d8d7dec40789f30f55b337c19563f903dae91a033cf7ef095ecca241ca77066076fe147c3985e4989b40fe06aaebe8c09cb706c675e844885cd6e8d69591e171009caf373b919be65763f0c4b48363b4186f7327eca9e21f17e827ac6e2149c278867963ad1a0b93de7b25e8780baf8178d4df58dd0aadfa80901adeb3f65b3c6b44753edee506c66089120feca2f7a33f38017bcc5e07d93685404c13aef6011ae13c0c56a873890ddb627f65bac2787d996320d390851a43462e461a9f0d0466b5f71cff215fa1836348bbbd09b7a4abb8ec0ba8e2031a269b9b31b3483063a411647b05856bad941ea96ff00a4946999cc7f0e96676b89fcf9a8b8562eb3c1a6c1a110e3a5ac6392d9d6e08031dca0fe11c909f0e617286b9a04c5e774555d8f08ede812a0af45e03c033710396dd0ad2e0314d372c0de65b233778172acf1aa19c39c5a245dbd0843ead4cb4a6c48e5a4953d7c2648a41563e25e09719fea759a390943f19532d56be63344fdefba074ea175df2fbd9a749e834f7464d3cec1a022e247c93c25acd333c95a66b787d52d12e363a7ee651100b85b4417846283d8d74826208fadf645293fb05d5f55a303f4bd84a86329d42e5035f073755ca9962b658a5c073e835c2d6e45b6f5b2c7f8a1b9dec6b87c33eb3a2d9936f860742e596f15b9a1f4c9169d75dbb2b32fc1821f240da2d2c169d2e20fe7a84ad6e7d808b8fee9e43308f74ea6e2621d987b0e773fb2b3fa6418db7f5de792e5336a056270d2d8926411a1379d330113f259fc4d1345c4c3bd2263d7f2ebd09949b11ada6fb2a78ac235dab411ba553a7d19c6d183c2f102f70651a6e7bb53311ca5ce24468568b2d60d02a526b39104b993c8980413ea3aa23c0f85369b9c728b9990b438ba4d7b081c93b69f83461ce98ff0d3cfeb3c11072831cae42dc517f65e75c1f125b8a734ff006104f5047ee56f03c00d3d104fa5915c1389e158e87102dbc4c03f812e1c06ddb31ae813ebd60e6dbaaa9c3ab679d9cd9b1d081c9249124828315bc1222e08f98413848cc25b6ff28ed282395b4d67b141780b00048d333a3b4947e9071facb58c69820c7c2b34d25c2c09fcfa2d6f1120b1c7a140383e18b5999daba63a0beca3e7493768ad87c2e53713cd5bad4ac205fe89c2a43cb6d6f712a72e262458da556a56ca5ae12f87d9675cea6dcb45a0c35cdc940b8251033c1221e63ae9ee8e349b013d7aaede3ec11ce9fc9969b5361f4d5728daf8dfe4b93d0a3b25b4f9ebd7aac978be93dccb1048bed365a40ee4663bfee87712c387b5c5e0691a44fac2928da6868ba66270f8a1024f2fe047cd16a788699041d0e9a91ccf53c9671edcaf700747587353d0c510e995ca9c69d1b62cd0d0245e209fee71263b4dc9e5a2ece67e0f51900ec60aa980ac0ba260b8dcf21a98f44769510069e87bea7e4a970b1f62b51af73361bdadda4ebe88a53a41cdb4fb7d153aec2d302337398222f249d00fb296856734ee77fc933a734229c58ca479ff001c61a58d6bf46be27b9f29fb15b3c0389681af25771985a558c55a4c7ffd80cc3b3b51e8a0a3458d7430c01b1bfce558a9b194cb269445e7a7243f0accb5647f71dca2a3296c8fcf741def8a844800c6a247b2135c1df43edc8d0e3c8125a76ea27f3ee13813b3068ee63d745738ad22689c87cf961b1b936ca06ca3e0f817521e7d6208024dfac5ff0035512e74ad4f5ba2ce3d90092647240f138e26c01e48af13ae74d20e8641e5ebbaa986c3b5ee0e89cb33ccf4ee267f84a9ec0727f626098c7b648e9b88e6236d94f8d6866e6c24aa1570ef6be584878d793da4d89ec6c7a27f16c4171601e53a9036d39278c3a552905b8492d603a975cf3ba294a609263941d10ac0d469008db7fe15dce4c4e8275dbb05d782a8a4629759641bc4495c91956013efcd72614a786e1f53e279b7e765063aa66ff6d9b0f31d87f28863310f3e5022473fb25a14180479ba9502798f89309fa4e0f69279c5a7e4a9e0b16ca9af948db3032b51e30a6d0db0b752bcf31344b0e61a1d23f858b3a499a31b7468598ac8f10771e975b2e198fccd198de24f58127d2ebceb035f3333385c18f6ff0028f70bc78cdcf623a7e059bc2e66b30d565adddf53ceeff833312d07bdbe6a5c432e5d3b19d082761f23ec86b716df3103619bb4440f40af3582006e93a7424dfa6809f441c511363e94eb240e91efaa63e93e7335b98ed272f2bab0dd622fadb7b448fce49c643a441fb7b7d95127458958ec2d37e539809da0cfa13ee82e3d8e0f1e497130011aa37fea9c0ebd236f9dca85e3f5247f5013b1d3b2652be30db489700fc8d05f05fb5ec3a04b8be2c00b0b99b8b8b0943b89651498e7110f161d472ebe8a9516b9e1a09f2daf12e99d6498da608fd909591343df54bdc679588b48b5e0f708853a65acd2359da20fec4aa3803e6c8f043b20703cd87f6758ff00ea514755195cd33e588d34708f92904091483b2b9b7f2f99b7d8d8b5c0ee2c411cd0eaf8b6baa133ae87ec57715c77925a6771d5c8252b993aab9ca8ad46cd5e031659a443adb47f08c8a99b423b858bc3e28fc3b6811bc0e29cd866a0efc96bc19eff005914e4c75d468594411695c998679225cf80396feab96cb338fa34c336249d4ff9561cf3d7e4139efe6d9ed7298e6ef067a80a10cdf8c284d17409ed75817e19ae6092415e8de2369fd13248b720160f061c413a8fce9758bf2bd4cbf094b865101ce64e606e3b8d7f3a25c4615d4ce766d2998a786546b86c44f383636f55a16e1c3c42cb66b8ab540de17c55a4eb0791f69fa2d1e131824f42088e71a7c8ac5f11e0ce63f3354d84c63d9f15f4d51a15c68f457d70e6822240bc74208f70a27b8004174c871bea00b9d101e0fc41a728b68d0676dd16c365cd73249f338efe6d3a374f755ca3618ba266807cc0e58020836d3f950e1b1ffa44e7903fb80cdaed61737e4af56633fa5d1cac6d3b4f730a1a0c93b4f58829631d7a16eca0c05ad68073e580272d8033f0ec934b931a5b6fc3c92e3ea647bdae31a19d05c74ecab3ab891fdbb4ee0817f745a6fd1534bc2d3e81a8c8cf95ed24d37dc79b5cae1fdae8823f655b1b8d2e2c0065716e578e4410483ebf448de202489990088d677fa94bc3306e7d673ddb99f9094f1543c23b3e90f14c265a24f2828154f88765bce21866e473798216220b884243e48d3e13e189047e04730b5818b8b206ea5977b05630754031aa09d7852d1afc2e2bacf4d17200e792406edbae57afca925452f12b37cf716da6dd08f655def1ce2f7804a50f24c6527aa79611b7eff25d3328378c1069ba41220af3fc053734905c030ebd09d96dbc4b8b736919904d872bf7591a0dbee60488b7bac5f96fc45f817ac19c6b08d26f11b9047d11be06eff6da4de0013d90fe27876913940b19b8bfa29fc3cff216f7fa9597e8d50f91a07e15af6e884e2f8383b233857582254a90705132f92479bd7c2be91cec9d6eadd3e2f9865232b88b4e9a11f7f92d556c0839810aa56e04c7334ba88aa5121e17c60b9b0ef5e926ff004055a762ff004e438c01244ee06a00e61007787eab1c4b26e8d70fe0ef7dea998d91484d59997d671aaf73897b5ce240891a4099567f4eb3dcdf24304da35d23da17a151e10c0d0720b289d4466000b045ab1e31466f01c1cb4e776a568785e1fe23d54f89a561012e0ac5e3b1fb7d92f85f1a4ca5c54431fd8ac5e19900cc596c7c4afcb48c6a600f521659ee6998f4079aae42cfd20a8e0488b95361e888ea9b42998137fa221836e69da12b745544983a046ab95f6585813daeb952e4c7d51ad63cd89323a03fba8ea91d24a6b01d67dae995e945efb9d6cbd1a4724cbf8b6a1218245dd311c904a6d6ba61c267e9d372af7882b8fd502661b07539677131f54370d886799a2641b18e7bdb52b9df92ee46ac3f127146ce1123d87b28fc3ccd7fec5586d503593e58d2f3035e4abf0310e789feb9f785422e8fa695942345670cf20c14b8712148695ec8a45cdda11f4afaab386602d51339293096710a2f48d0e7e16775352c38015884f6b1311220792d0a1a6ddd58abac28ddaa24f06b955d1e0ec6c7d7f029eab952c49f2250d947c50d9a607fcc1faa095309e607b2bfc7b1598b1a0eae07d23f950d4792e17d47f9544d85fa52a8c321a0595cc361e20852d36889729e8d2da551291289b0ce370954946911bcae53a0e070556f326fa72f40b9e1ced07a994a03795877d556c7620358e200800af4871d18be3b2ea8f2208b5c5e6355530187bccde09d343b199d12b2a92e36992667aed295cd9747c3cf707d972b2cb69366d82a5436a35cf8cbb4dfb75edf549c29b92a386b61f7fd9495091e4691b9b5f58dfd157c15422b10eddb6f43fca443af4d7e11c5a8ab1c0a13817c8088537c146cb52e0e77c4a6c337cc4855b3c957e93401645219b2668932a47ba026b5a54589d2110a181f74d264a735902123840501eb2ad77aa78a7f94a9f1050dc4d4804ec1015f00b5c17d4ed60ac30904070e509f8001c07337f7441986235bacf3e8e98c1473811a74e6ac50c390b88222088e8a465723690a969586c93f44ec42e4f63e74012a3485b08b9e0c5cfe7559ff00125619720b13beb3f647cbeffd3cb42b3bc71c1c448937320c0b6a17a0caea2d9ca82fd90170a1a2e1a5d020e8013f5299549265ad03a4ff000896008b82483b68d1e9b2a58ecd264401ff002fb4dd72d9b510359a916b7aa1f8d786bd8e1b38027bc8bfbcabf49c2f0276e414189c21ac720205b6d95699651a4e1d5416883288537a15c330229b43068112a4d829875e16a9d35728b157a055da6132189d8e8485b2534b9398e84c4f08eb6ca0aceb24ad5a49556b56518b12be25e83631f99b946e7e4ace3eb6c14784a198976c07da4a56c121b83a4d0e6b343ba2359b11afd50cc45320876e55dc3d471b1be9eca892444cb34637ff00336fcecaa31858e924e52e89dbd54f8865c01d09f6fe4a6d1696f91d76b8fb155be2a1d74b0185aee9b1e6b9239c5a2ff0e80fbd8fcbdd72000ab2a074e6311f3ecb33e21869696b6da4c4000f7471b50e6816b6d659bf10924192755dfcaae0d1cb83a921fc368e6249d7611a0e663e887f10a0e0f9b77e5fca23c1de63beaab71412e0365cc360399037cc7f746386e172893726e4aa1c2580933b1b2d56158212517448452295a635565ea07a34396e83d5963d0f629d851b19165cf50622b11a2471555c9ec57fc1ae7aa989aea5ac84e35e5003232f2e74fb2d170fa603237cb7ee505e12c05c676165a1a0c19504b965527f40bc453f34c764ac69f8a375356dd4874544bd1910e21f252d09ff00b0e5bf7096a8d3b94ea621c212beb0a2d060734899161f6bfbfc97296a8f80ee5b7eba2e4fa2059fffd9, 27, 1),
(4, 'Lynus', 'dasd', 'Misa', 30, 'male', 4, '31231231', 'sdkadskdskda@gmail.c', 'dsadadada', '$2y$10$0/fnstE4hvlFRUGWHb8L2eWUqW.JkTT27DiJY67wCoue/NkTblLN6', 0xffd8ffe000104a46494600010100000100010000ffdb0084000a0708161615181612161818181a181818191a18181818181818181819191818181a1c212e251c1e2b2118182638262b2f313535351a243b403b333f2e343531010c0c0c100f101e12121f342421213434343434343431343434343434343434343434343434343434343434343434343434343431343434343434343434343434ffc0001108012c00a803012200021101031101ffc4001c0000020301010101000000000000000000040502030600070108ffc40039100002010302040404050302070100000001020003041121310512415106617181223291b113a1c1d1f014e1f142520716236272829215ffc400190100030101010000000000000000000000010203000405ffc40023110002020202010501010000000000000000010211032112314104132251611432ffda000c03010002110311003f00c73083b1c184b6d066f9a72d963eb48c936f380d6000f7872fc223ab689ed3e511a5b3cba2321c5b0872245f6cf1953da3211835cd288afa8cd2565d227bc581a0a6666ba40dc46974b17541158e08e2410eb2f099388df80f0f57aa3f13e500e7b03d333256c2d899565aab18f1ba28b55853f94607be3530355824a9d02c885920b2604fbcb004af96772cb313b1318ab9674b313a6300b4181cb421e0b4fe6326ca933248351232ca03e28501f43aa061d41e2d46865169624c7b66731f5a26620e1fb89b1e1b6fa08c89c812bdbe933fc429e26f2a5b02265f8d5ae330b404cc55d08b6a88d6f9704c575a4d9540dcd839108b5bf746e642327b8c882b9d6492043782ea9705ce5b52752658ab2850330c5585808859d896f24f9cb018af12244b0891226a0119d3889f6608b1e0d477261354c1a8ec7d648a9396db7cd2a96db6f1a3d81f432530ab76812185503acaa266a38326489bcb04c01313e1f5da6eacb612914464185348978c5be54c7a2037a99119a14f2be2d4b04c47584d8f886db52663eb8de4a48b440b1ac991223792883b2b19ce91ad1438d60366b968d408c0643967c225b8913002ca984a8cb9a54663119d3ece98228ae74329a23e19657da4507c2244a9d2eb794197dbc688b20b430cb7de02861d6bb894421b3e04369b4b46d262f829da6bed5b49789090cc34a6e769f55e5755a3d0863bc4f85524cf3faadcc4e27a6f1eb60ea419e7b7d6850e9b48c91783d0bbfa6320f44884879c5498852ca2cdf0dac6eac0ed16ff004e4c2eda911bcc065f20d2c32a68008adcca8c9b995984c74e9f099f600896b99f7a095dc749634895398cb28ed29c4ba9ed1d0ac250c3ecf78b9230b3de3a119b0e12db4d5da3e931bc2db69a9b4a9a4bc48cc6eaf3e3b41d5e733ca9201e20343317c5e9ef36b7874995e289bc94cac4cb253f8a1f4e979495bdbe5a1cb4644a58204f291710b74833898d650f297973c1dccc12b632b2648c8198274e9f333e4061356dc4b1b7907f9c49b9d644a9132f4944b963a1645cb185a45a9185b1da3a159a7e1cdb4d2da3e932960f3436af2d02321cabcfa5e0a8f27cf2d64caee5b488af963aacd15dd2c9c86880d9dbc21e942ada961649d24a8713d6480d611b5cac577020682809e0f50cbaa183b98062b6913398c893004e9d224ce98c285f9e48c8533f118f78370da55c72972953a671cac3b0f3912a958904bc47773e12ac8742adf507f6803f0baaa70e8c3cf19fb468b467192f050821f6e230b3e0a48191ebefb11e5f68d6df8481f30d7f80fa8eb03cd1899627205b0463b031ed1caeff00c327694d90fc8307a8fd7bcef1067f08942548df1da6f7a54da41f655a4c9ff5e076edbc99e26bfc312d9a66992da9249c9fb7de2f09cbcf8391ae3c8fc409fca4d7a9c97d94fe681a737e18e146be64090ac7a9c0f798fb6661501c9dc601e832731ca02ce0b12474fe7a432cf3abb37f3c10fa9575c63ace77110d7674a8003f0b11a7dff3c4637ee54000124ed8863ea1d5b44dfa757af275789ee61ea8e46a20f56d58f4273da53de8b17d87627ab05631b711b408a093f113f2e4640c7589dcc74ed58928f17445a564c9399513300e267d91267c98c2da5b98559d5e5606094b63260c8953d02c388bf28e660074d7587a5f938ea3be661f878cfc551bd01d49fd84d4f0305f3f0e146c73bfd368b2d2b2f195aa63d5391999ae2be284a6fc8a35fbfa6232af5cd47294f445d1883ab1ec0f6986e3fc1dd1cbaa92a7a0d4afef278e09bb6194a87d6de3800e081aedaebf4206616de254ab942307efe53c8ef092c73df007510eb3accaa0e76e87f49d6e1488a9a6f68f516ac79303b6912db542a7d773ee739f2d637f075415a8f31d48c820f7926b1d5872e75c6fe7fe6432c54765632db40b654c17c9db07fc42ae5187272e7423271ae077f692a16843f28c8d8fd349a7b4b50c46469cb8938d49f10c9f1d88f9f251980d35c9e99dfdb6853f18a23e665ccccf8ef888a0e29a9d4af360799207da79c5df14a8e4eb819e9fbcea58d748939a4ad9ec4be21a25b1cc31277601e5743f0e7231fbcf3cf0f700ab70cae41440412c7427c901d4faed3d4ae2c80a6a146806180dfd57ce4651e2ec7e49ad18fe21532c4c5ec630e2b4b91c8072370667ef388221c319d1176ad1c8d34f612ed204c0071443d44256a67510d18b18ce95933a0080a6d240c8aec2749141af0646738033d75da6905e1a54f19f89ce064608e907f0d5bf2532e46ff683712a81dc760449e57748b615db18ff005c5500418034d31a9ea64d6f4b802a26403a1d5587b759451d7e5031d75c7d0ce66c7fa81ed9c69e5991526ba2ee2997def03b5b9c73af2311856f95bdc8dfde2cabff000e2ae7e1a80274e61ae3d46047342b0d028d4ee7403cf6de69f85d67552bd3b1fdccbc32bba7b233825b462387f07a966df869501673d35c671aedbfed1a2dd14396d403ef1c5ef0d60ad54fce76f43a1f6fdccc95bdd731651a904827bff358b9936c6c6d343817e4d4575207c246a0e0ea3f68d2c6fc1d39b1e87699a4b570574c67d75fede518a232839181de478b8ed0ed45e8238ff81e9dcb9ad519f99828055800a14630011ea7de2d4f075b5b7c4ea19ba17f898fa03a0fa4f41e09934549ed13f18e1e5db27f3c8fb66774a4f8269767246b954bc080f1865c0a68aa07a9fa607ef3eaddd77c600ef9efec4e44ebbb509fe8d7b8fed29b3b8246172a760493afb4e36e52eceaf8ae91471ea2c69329d1d7e25df6ea30379e5d776d519b2d3d8afedf425be2d0f974e9de79f551a99d181b49a397324da6650593e768ead69d420f2ec06a6155574d24edd8aec483e53a397d92a2aa354e0f3ee274b4a09d01a8a021c0c085f0bb167a8aa41de52d582ee71341e12ae1ea7a089c47b34dc42d8250d34004c8b6ac4f53379c4c83488ee3131578810686472af91d187fcd05d0bf54015baf9e65ac69eeb824fbfe53304b3b69ac7fc25c021797e834fa192a2c3de0d6a73cd50e0741fb636fca6845e228d3f3fd4c596fb62595eceaf292810762cd838eb8d303de5611d6884a56f65d7fc50b00ba618e3cbe93cff8cde9b5acc2980559b9b9b9481a81903b1dfeb1cdcd9d5c3e6a2e7983039d140dc7afa4617b6095a861c06d37c00492371d8fd63c537d9ad47a33b6fe2576504f2791e5f2f584f0ff001054b8aa945704b1c3614e00eac75e835990af6af4d950838e62079ef3d0fc0568b4159980e772727af2f619dc46516dd32939c546d23d02c004455073818cfa4aeeaa8eab9f4832d6c92a1c0ec0eb89655248c165f5c127cc69d65eae3479fe6ccd7898f215645ce74c60118f4e9330fc4d83fca517f5efd63ee3959b9c853b771f7c4cddcaf31c1fb1fb09c734948ec86e2ac616dc479d807c95db2718c1f203104afe18cb3957c0ce403da7ca23971a03e7ca47e781f73195d5dfe1a07a9b631361752afb3658a71175b7865587c6f881f19e194292fc15799fb41f88f1867d109558acb6779d4daf0731d3a7ccce88609e3be1dafcecfc87193b7687f82289476e61838eb3d2ee28687acc25cd664acc4a72f4dbf38252d0f18db1bdf5d06f8753337c45f9ce1741d7fb469615d59f0db9ef0ea9c2831f2f49ced36ecea8d47465a89541a0c98d78716241e43f6fbc756dc1d57a0fa43e95a81da6e2d85cd10a27e1c912cb96465d723231b997bd3f870373b7979fac5c9580ca9d48ea7a9efe9f7fb5e3a441ab1457b65e6625f42bd06f8eb9d0e6146b8e4e54e61800684832eb9e5c021475fbff00882547ec713791946c4bc50fca4ea436320635fd77de13c0b883071cfaeba6834fe6607c5c6400a73a8275dbbfbcb7875be0875391fcdfce358ce2b89b0bfbd50c492ea39576cea4768470be2ca745c9cea739d0fbed11dcd62d8c119e5c69a1f692b11d7afd2172a21c156cbf893976662c719d32738882b5d22b60ae7dbf5e91fdc532fb9fefeb016e10a7704face792b76562d24770bb8e638e4241d891b7bee630e3b661e9f2e35c69afee646c2d550e40c625b73781db1cdd3b6b16b8ed99fc9d23cd6e182b153a11202a0ef2ef135b04aad827e98888b11b4e84ed1cee34c77c8719c693a2a37efcbcba693ec7a168fd13f86bde653c63490283fea9aa6b602623c58e39b941da4a6ea2746356ccaa542181075ccd8f0abce75d779807ab9638e908e117dc8fa93e7ac44524acf4a13e831758f11471a1877346265a5f5805ddaf36a37e90a0f38b4264c46cae3dbe915dcd0a877381e43135eca0c12adae66b1d48c83dab0185f79d6d69510e53dc1d419a836baed25f841779b901c8576eae7e65007bc609531a6e64b793502249b7d1aefb3ee49da7d00f59f1ea0519896ff8dafca875990b57d0c6ad73921608950f3ebcb9f28be85c9c649f78559d60c74fae7f492c8ecbc2340be3145281f033b759e7f5ea8067a6f1ca45a8b63248d741f69e6f754493f10225f03b8ece6cabe409f8a274fad6b3a5f44b67e89e2bc439149de79a718bc2e59893acdaf8b6b814c82279cd56c8399cd936ce9c4aa3605446f2824f37f043106368355de6f238d6cf8914c604d270fe321f43bcc4203884dbd7653f0e9e90a62b89e8a95b32d5799ae1d7474c9cc74952111a0f569cce0413f1a41ea6660173d7943b6656cd205e00932645aae256cf05aae61303712ba3b67f499f6425b2778eaea896de2bb9508467aec7f4818f1a0f42027c446ba1e6071ef896d8a843a0fa64889e8bb83952489a3e1c32bafe725255a2aba1d5838dc8cf71de31bff0a5b5ca64a72b11bae87f2896d6a80718d7f29b6e14579012653d3cb6d10ccba6799710ff0086b5464d170c3a06183f513a7ab3d551d67d9d548e6b679a78d2f32719040fbccad3d5758d3c4b74ad51c0ef135bb6379caf6d9d8b4910ceb2aa9bed993b822544c06b2d53de15452028fac2e957c9e55f7261a3263ce1ba4682a44d6b58698ff30cfea0464847d8c0d49247812be924b566142bf127c668333c99798c75463290732de7cc814ea2631f0ac41c4a8fc446e339f431f13057a3aebd606e878f62db0a27fb4788a393b63b4a69854d4c0ae6f016cae9f949716d95b18f0ead86393f59b9e1aff00399e79615399801fe67a159dbfc23b6253146a44b2bf897a6b3a134296274e939ecf2be216aae0b0d0fde671ebaec4e089abbba27a0f6992e2f40a9d57199268bd83b5c4953a903449604ed0523053c883cbfcde569531bc2b018450d975bdd9c82761f78c2dee7e2fa7e7132aeb8ed2fa3bc36634746be722585e2ba6fa0f4c4b16b6bac6a118c0bcb0548b9abcefeaa6a358cbf1241eae91435cf9e277f57e73502c2deef1b67de50f787a9c091a54daa1c01a4bbff00c5727bfe9124d228806a572db18c2c7877e2a91ae46da63ef096f0eba2f36069a91dc4d05952e40b9db1ee22395743191e0b4dc5cad323fd5f6de7b15bd1c28cf698af0970de7b9a95b1900f2a9efdcfda6f1e99e93a231a564324af47d1813a5255a747b27460eee983b4ce71ab3e7520ee3633d213c38c7e6603d042a8786a88d5939cff00dfa8fa6d168a7247e7d556c95009237c6bf697846ea8ff00fc9fbcfd1696aaa308aaa0740001f94855a2afa328f5c6b0389b99f9cdd1bfda7e865495883e53f4256e0ea7e53f58aae7c361be6a68feaaadfa4dc43cd1e354ae013a6f0ea549ff00dad8f433d2ff00e5fa68722dd14f714c0fb080f12e1c181280061d3bff0078ae21523168c46e08f513eb3c63820e0cbe9db0738e40c7d32604c66846d5244d69a2a1e1bfc475555752c7cf03cf58dad3c0043ffd71f08d72189e6f2f28c9d9368c11a6c75ce079cb2de892745663e409fc84f5bb5f08db0231481ffc8961f42711fd1b1441844551d8281f69b8b66e491e59c16c9f4255b1d8ab09aab6e13518f305c11a024e011e73674c29dc0926a0bda2fb29bdb33cdf4846bc2988c315f681dd786dd97955c2f4f97a7d6697fa7ec713b948f38eb1c45e6c5fc22c5685308aa741b8ebdccbabd73d018583892201de3d097b12bd67cec713a373444e838fe8dcbf0b984f84cf84c89d638a76f22d4c193381bcfab88a628fc392543d25fcc2517374a340c33da63106a98382cb9ed06bab447d1b193b11b8f78aea310f930fa0f9222dd8f5467eff00c3ebcd971ffb2feb2143872d3d106a7af59b051cc086c79895d2e1e99f3e99da6e26e5f60965c3ca9e66eda4b5ae4a1c36a3ce1e88468653736c1c79c20bfb3adee54fca71e47f784861d74999b94746eb2cb7e28c343a88392f21e0fb43f74c6a25b4df222db7bd56d8e0c294c64c46a8289912d221f32b698c56d7001d64d2a03b41dd041ab065d441614931ba99d01b6bbe61e73e4366a0e2b39dc28f39f6a560045173744b6266e8d156181f27267c3571065ad8116dfdf63ac572a1946d855f711e50664eeaf999c1c991bdbae6eb17abe587ace694db67563c69235e9539a983d46f18d8b64080d850ff00a67cc49dbd4e4de5e3fa425f4878ebd41d47f31392b6778bd6f7305bbbcc1d23721146cd1255077facfafa6a265938a15eb0a4e35cc31b4ca48ce0c755e9071a899ee21c3caea368ce87124ea6142e11f433492664dc4c92542a639b1bfc8c1de55c5386e3e24da2c5aa541e5df126ae2f651a5246a52e01eb2f4aa0e9d662a9f1160778d6d78a2b68da1e863472262cb1343da89da50ec3632ba57471be658d581dc60f947d094c5ee851b23633a1d50022741435945cddf9c05aa000931457b86ef00e2176caba19273d94501bddf12006871115cdf168b92bb37cc732aaee64db6cb460917bd69d45c9316f39cc3293903480734d4b8a3aa019e9047bf24ea6226b863b9934730b6c5514686deecf430a6ac08d620b2730e773326d0ae2821ea4ac5580bb9934fd26a08c12af9c328df91140ebfce861b6d441dff9b4c9b15a4696c3892b8e56825dd05a44b67e120e3dfa4953e1e814633f5f282de2679724ee3af9896ed12f3a162da3b6aa0997a70eabd1089a0b740a001b4b19cc1eda33c8c0ed6ddd47c4ded0bccaf9ccf9d652a846db2e7a9a4e9589d300ffd9, 28, 0),
(5, 'Musashi', 'NA', 'Miyamoto', 20, 'male', 4, '', 'miyamoto@gmail.com', 'labangon', '$2y$10$MWsHjfelf7VNwwOiuc4NZuAjcGx83HgIOyNLqI4uqE4DV2GF.VtSO', NULL, 28, 0),
(6, 'Susan', 'sda', 'Abella', 40, 'female', 4, '421414', 'susan@gmail.com', 'dsadad', '$2y$10$PWDbS.WBPIeEoMOW7KXerevxV4qREOtEMteRF2kdZOwsPySeUTIga', NULL, 27, 1),
(7, 'Edwin', 'dsad', 'Abella', 60, 'male', 4, '677567', 'edwin@gmail.com', 'dsadsadas', '$2y$10$VNRCbZr8tRg/WhYDBcSWe.BqA1rBZWGhwsBSnjYNDK6its2eIMPlm', NULL, 28, 1),
(10, 'Thirdy', 'NA', 'Subingsubing', 20, 'male', 3, '32131', 'thirdy@gmail.com', 'labangon', '$2y$10$J0ePTMRUiogOAph6rmPnGO4rTr71jx/qhbjCkXgL5xoXNEzRqGFbi', NULL, 28, 1),
(11, 'Shakoi', 'Donut', 'Lumpia', 20, 'male', 3, '32331331', 'luumpia@gmail.com', 'Labangon', '$2y$10$F2zLdYYo30yFwGTfZaC61Ouv9QPXrworPpDOHC8GvJVvUSTHZ8LSW', NULL, 28, 1),
(12, 'Shakoi', 'Donut', 'Lumpia', 20, 'male', 3, '32331331', 'luumpia@gmail.com', 'Labangon', '$2y$10$3CK66UyCF5XFbVrUEE3NAOyr.BNDuI1tOoftusXjHo/FrIJfW59p6', NULL, 29, 1);
INSERT INTO `registration` (`id_number`, `firstName`, `middleName`, `lastName`, `age`, `gender`, `yearLevel`, `contactNumber`, `email`, `address`, `password`, `profile_image`, `remaining_sessions`, `is_approved`) VALUES
(13, 'Kierzen', 'Paslon', 'Booc', 23, 'male', 3, '092323213131', 'booc@gmail.com', 'Guadalupe', '$2y$10$sJ3hu7zClmQ6stvQmWo7sepzuS/H1y4j9bSKwBlqjoi8eCBkAAwkq', 0xffd8ffe000104a46494600010100000100010000ffdb00840009060713121215121112151515151815151515151517151815151517161718151716181d2820181a251d151521312125292b2e2e2e171f3338332d37282d2e2b010a0a0a0e0d0e1a10101b2d251f1f2f2d2d2d2d2d2d2d2d2d2d2d2d2d2d2d2d2d2d2d2d2d2d2d2d2d2d2d2d2d2d2d2d2d2d2d2d2d2d2d2d2d2d2d2d2b2d2b2d2dffc000110800e100e103012200021101031101ffc4001c0000010403010000000000000000000000000104060702030508ffc40043100001030203050407060405030500000001000203041105213106124151610713227132528191a1b1c11423334262725382d1e1154392b2f016c2f11724344454ffc4001a010002030101000000000000000000000000020103040506ffc4002a1100020201040202000505000000000000000102110304122131415113610522325271143334a1c1ffda000c03010002110311003f00a350842001084200176f66365aa6bdfb94f1dc0f4a475db1b3f73adaf4173d14abb3eeccdf561b515578e9cd9cd6e8f9870b7a8c3eb6a469adc5e141431c11b628636c71b726b1a2c073f32789d4a472a1253ae8896c9766b494767bda2a26163bf201bad3af823cc0b11a9b9e56535b2d81ab190868b936038a46cadf3d98d92db9a836d77686ca6f041197c8e176b9c2ccb7ac38b87c155b88ed0d454b8ba799ef27f2ef10c1d1b1b6c109592a367a0a5c4606e4e9a316e72347d56838f528ff00ec45feb0bcee7102dd2ff2f805a0d638fe62a768db0f46ff00d454bfc767fa93b831389fe83c1f25e7ac24b9e6cd7907af0f67152fc13156e70548dc7fe591be83fa107307cd328d838970b5d7592a72ab68e7a470ee662e65ec58e24b7d87507a2976cdedfc32911d46ec521d2eeb03d0df43ed4b24d0ae24d82c80430dc5c2c902d025012250a00c94576bbb3da2c40173d9dd4c749e200389fd6349341ae76d0852a45d4827479736cf60eaf0d75e56efc24d9b3c60961cf20ef51dd0f5b1365165ec99e16bdae63da1ec702d735c039ae69d4169c88e8a95ed13b242cdea9c35a5ccf49f4d997379988eae1fa351c2fa074cb633beca81084261c10842001084200108420015bfd997668086d657b32367450386a350f941e1c9bc78f23a3b22d80ef4b6baad9f763382370fc423fcd70f50701c4e7a01bd75a494bd092978461bab2012a2caba2b0518da2c459be5b211dd46d323c5fd370b59a4711d38aee6275cc858e7bce40125511b5db43f6899ce84b9ad7646f604e56e1a0e88abe08ab38d8f627254cef9a5f49c7203f2b47a2d1d005cc0d37e4bab87e1c64706004971b0b735686cff0067f031a1d38ef1f91d7c23a01c7ccab1b5134c20d94fc548f77a2d71f204a76fc38b46608f30bd114b8342d000898074685b26c12177f94cff004850a45bf123cf383bdd1cad22d9fada1e855895386c7347dd9bb5fe931c2e6c7d5b9d4293e3fb1114acbb580386961fd14271b8a48435a49bb7e6392652aec578b8e065b53846ec2d919e90b3656f3e4e1651fc3e664a0452d81fc8fd083cafc575eb31e7b86ba820f5f7a8b48334eda65344d764b6d66a1788a626482f62352d1eb30fd15d94356c9a36cb1b8398f00b48370415e6dc3a3efcf764d9c7d1f31c14a3b3cda47d0cfdcca4f70f76eb81d237dedbe390e7ef554a35ca1648bc52848d2b24a20a84250a480b2c925d64802aded43b316d50755d13436a3374910c9b3f32de527fbbcf3341bd85a48702082410458823504702bd9caa7ed8bb3defdaeafa467df345e78dbfe6b40ce468e320e23f30ea3c4ca4591978650e84213960210840029af661b1a710a8de941fb3424194e9beefcb103d78db41c890a2985d04951347044dde7c8e0c68ea4ea7901a93c002bd4bb2f8147434d1d345a305dceb58be43e9bcf99f7000704b2742c9d1d36300000000000000b00064000340b2b2542aca44b20a548500565dae62bba1b0b5ce0e778881cb4cd5691d3dacec893a0faa92769b5ae75696db4b0033d39dcf9ae560d4bbf331af1a919720332ac8f0acb20ac9fec2602236099e3c6e171d1a7faa9b46131a166400d064baf144abecdcb846da75d4a58026f4f4c9e362213a42c98b3462d650dda8d9f6c8d7659f02a5923884caa6e466144b9263c1e7fc770d2c7116b11a8faa8fc8d56fedbe1408de0331c42ac6b692de6323f42a22c5cb0f28e744f2d7020d8fd56f9a5b975cdf7b3f6ffcba6e458f92d805ec5586765f9d9c631f69a18cb8ddf1fddbfcdba1f68b1f6a942a77b15c44b66969c9f0b9bbe07ea69b1f7870f72b855452cc92858a10419a55822ea40d885884b7401e7fed9f61c52cbf6da76da099df78d0328a539e5c98ecc8e46e32b80ab05ec4c530f8ea2192099bbd1c8d2d70e87883c08c883c0805794b6af009282aa4a6933dc3e175ac1ec39b5e3cc7b8dc704f165b0959c842109872e4ec2b666c1f8848dccde282fc0692483cfd007f7ab8534c230e653c114118f044c6b1bd6c353d49b93d494f77552dd94376cc6c859d92594106291da2cec91fa208286db461fb7cae7667c36e3c32f2596c5d397d497139305c9e17d11da0ca5b5b31bf2006b9968ba906c3e07bb035efcb7fc56e6385d3c9fe5a34e08d92d18a471e5727a809d53ed44195cdbcc2e74d82978cb251fc47037466ef06c78aaae8daa365ab8762b13c64e1efba7cfa86919154f6111ba375c3ca9c50569b6a9a3905962a76485adde3aace5a3b85cf86b16c9317dd1c13a6bc88d3f035c4f0d0e6d88d5547b5780989e4e7ba72d3507fa2b2316db18d9ae6790519c7b1e8ea617377069967a1e7d12daf03f8e4a9eb202d272d0d8a2985c016fcdaa7d88c84b81b6a375dd7914c2305aeb1562324d724a760dddd6230106c24df6f9dda72f7857baf3861533bed34e59e9365611d6ce197b745e8d61b80524bb2966494244aa0515092e8400a95221480aab5edbf65c54527dae36fded30bbac337404f887f293bdd06ff0035655d612303816b802d7021c0e8411620f4b213a253a678d50aff00ff00d15a2fe2cbef084fb916ef458c16c58d964aa2a4084210482c25700093a0ccacd7276a642da5977752d207b541315b9a4545b5d4ff0069c4046c06d23da09e82dbc7dd7535aec4e382cdbb1bba0001c6c001905cdd91c0deea835328b060dc603cc8ccfb07cd4af10c32078fbc8daeea4663dba8512e51bf1c142c8eb36b437c4f9c35bfa61247bdc47c92627b6113db66c8c95a75b34b1edea5875f626b5bb0d0befddce5ad26fba4dedef5ca776792075db3c2e1c88737e45c85155d966e77d1be1abb9bb4e4bbf86d69cb35c4a2d97a88859ce8dd9e45849cbadc0b2976ce6085a6eed557b5d97ca51713276225ba85c9c4319272523c7f0ff09b7255e5782d39a995a171a4c5a8735e73cee9f619871d40cbfaae133188a278de70f76f7c0295506d244f03bb9e271f55ed311f2be885613dbd11cda1c0fc0e2066df9285971f1139dade633e6ad89eb049bc1cdb1d08d7ff002aadc720eedee6dade23ee1a2b71caf831668d72757b3c83bdc46104684bedfb45c7c6cbd0402a67b1cc1dcea8fb49f45ac781d49205fe0ef72b9933ecc6fb152a44aa050b212a100204a8420010842001096e8401ad0b89b5d50594e775c5a49032cb5d428b53e391c2d6eecce74a6c37378d87305bc9416a85ab2c442e06cd63aeaa0fde6b46e3837c3737cafc5481145622678ac3becdd3cc2789ae223c050c7c7fa90c295a1a0009d784eab931ce9cc4f278a83a89706aa9c1a379be63c8d9674b8042dcddbce3d5c7e417422095c51482d8189a059ad02cb7d0c637ae9bc6574a823ba95cb125c2196202eb8188e031c80ef30381d4697f7291578b14d77d0c2256b53b134af75a37be270fca4dc7b9d74c59b11531ef063a2703c6f981d068acac470d8e5f4867c08c885ce8f06734e521b256d8db22f922d4180554406f3811caf723c8a876d9c0455b9bfa59d782b9fecdba3fbdd4076c70a2eaa0e68b97b1a00e677b77ea142e392ac91be09dec0e1820a48adabd8c2790b8b9b7b5c4fb5496e98e194fddc31c6756b1ad3e60009e04e8e73eccee8091285240a95200950008421000842508012c9509541052355b4f51246d8e57efb41de1702f71a5dc134a6eee5717e4d7f3e63904c251609de06dfbb7bb3bdf2528d387d165767549b90bb93a4711ec00297a8f6c3c56a6675de3ef715224154ff53116aa96dda4730b759210a054e990999e5a484f68e75ab1c8ed2bbad8a694f7baaee99d6c72b8a242c99349e67bddbade3a95aa294e42d74f2addb91efdb4b744e30fa9e9acdd6f65d1a49836f755dd6f6810c4f113dc5a4f1b1dd1e6e5d58f1abb7781041d083aa149216506c91d63eeb8d3d516bf75c35d133a6da0687d9e40be974f6a5ec9ad6cc843760950e2396e9247725a6d609ad454db8a07373ea7814ca2a4ef2ae17db2635e4f9e56f8a6c2b378d97730468f13b9787ea9594679544ec05905885984e72d992558859292454a9108015084200020a108004210a00a2f683079295ce649ba6d6f134dc67e6015af67f3639ba8bebe7d1777b42bc954e8d9e271206e8e806498e19861a7dd6bc78dce0d736e09bb88034363c14a46b854792d8c0a1dc86368cacc6fc97416ba76d85b9003dc16d4195f60b12b2488208ded345e269e63e49bd2525c2eaed1c576077aa7e0571a4acdd6dd56fb3a182571a3b14d0b5a9be3d1efc2e67351ea4c7839d6df1e57cfdcbb82a03c5ae3dea53468a657555826f64e1bc073d47b566d8e48d9b8cb81c3a29eb689b9e8b995387904e5925712c534caf22d9e264ef5c5ee75ee33b9f79565ecc388077c78ac2d9ae6b99bbc139a0abdc24a103aa3b159359716a2a2e53dac9c39bbc0ae3d5e82da94cc51d61ecdf780dd54ba829c46d0d1e64f32547367e20dcf8952888a8473b513b951bc2c815802b24e6633052dd6012dd49067745d6175920932ba5582c81400a842100084214014f5650d636b1f2b1ac2779d6bc8cb5893e95dc085d5c3f0d9dd2b1f50e8b291b238b5f1d86632b6f126c0755327d0b1f31f08d735d0661b08d236fb7345b1fe49746ea77870de06e0e879ad891adb6432094a0404210a40d15b0efb1cde61412b5a4b4b795c1560289ed1401925c11e317b79644aae7ecd5a6954a882cd80875ed91d411c0ae691330ee92491d4fcd4ddb1a69594ed78cc67cd2a675b1c927c915871796276f6f3da7adc8f7aeacdb65339bba1cdea6d7bad7554274b83e69a47869be4d09d34696a0fd0e19b4927e66823cacb5556d092328dd9f1d07f74f69b0cf5f3e81397d0309048bdb40874669a8df01844a5cd17b8be642e8b8826e741a2697ddc91254002e543e8a65f475e867b380e8a514ceb8506a69736926c49b6b6d7403aa9961930737220f3b1d12c3b3919535376745a56416b695b02b5086412ac4255240a95204a8015284810824c82558dd0803242442006744ccdceea9e809bd048d7c6d7b08735ed0f6b868e6b85c11d0820a70800421080042160f939665412936e91aab6a9b1b4b8fb0712792a736b31099b542a1ce24e96e019ea80adb9a0df399cfe4b8b896c8c135cc81c7f988f9249726fc38d4397d9c7c12b192b01057467c3c385c28dd66cdd4d1bc3a8d8e9633ac62d76f5049cd6f93681f1d9b331d138f07b4b6fefc92f5d9ad2ddd1b6a30975eeb5b2888c8add0ed034df78fc96c6e28c39dd326897b9766b14a426d3bf74755b312c76360cc80a23578e190f87fb7bd350bb8eccb56066e392d10486437390e03ea57222b93771b9f805d6a53c787350df81d236625148e65a305d6373ba7316d0db5b5f8a9c5153c7235b2309376821fbbb8ed33b7317f628eecd5132593ed11c81cf664637de36b49b81e3e20e7929460ec2d8f74800b5cf6d9a6e059c720792d5971ecc717e57fd39909a9e597a662667825ae71b8e20919702b0fb748d362ff23fd7aadd8836c5aeebba7c9dfdec9bd446085bb4ce39216d1c5d763961c9517c3e50e9b8a3bd7f87f647f893bd7f80fe8b9765935ab47c10f48c5fd464f6743fc50face3e5649fe28efd5ed207c932dd5931a8f861e89f9a7ec7edc41e7891edbdd6c8abdedd493e79ae454c966f23be07c93c9ca87861e8959a7ecea478a7309ec552d728e4672ba750496544f4b07d1a71eaa5e4efdd0a17ff005cd07ffb22ff00504ab2ff004d1fdc6cf965fb4e4761bb4ddfd29a391df794d9b2faba071cbcf75c777a073159abc97b258fbe82aa2a98f3dc3e36dec1f1bb27b0f98d39100f05eacc36ba39e264f0bb7a391a1ec3cc1e6381e047020acd254699aa66f212a52912086323ac09e42eb9cca8b36fcd749c2e2dcd479b2784b7d5247b94499ab4de4790cc6f73c5387c974cd8320b63541a876c932b269886151cec2d958d734f070ba1ae4e9b3656412419dd98536f17096600fe46b8068e99827e2b4d56c244df42599bfcf7fa29dc9358286e31b511b0b83cd8b4e606a8a253641b687669f0bb7c12f6712732df35c885f9e59ab163c6639470b11a1e37e165089e00d95ed0320e361d3828b1e3137d232f994f6b0911103f359a3da4059e1d44e71d325d234179636b81dd0e04db90ccfc029c4ae697d8d9a5b71c9fd138c1a8cb18d85edef006b1a5c636f7798c8581de232d56ac20584a2c1b695f937d11a643e29d478953305831ed00e4d68fc46eedaceb94df04a5bb49b583c92070001392dfaa5250e57938fa49c653e1f833a93bc2c3a7c0ad12dacbaf54d0c61f25c52aed027b598ff166b7c57d1a1e324b0e6b6cacf904d192164801393b4f3e4ba071bc8edad58f10b63d6a71cc15030d7107647a3c1f884f2acdf740e29962edb0711c403f2fe89ccaff000b4f44d42dd58b249a34713651fed1368052523831d69650638f98b8f1bc7ed69d79b9abaf1c8379ce2406b46a72038924aa3f6e3683edb52e7b49ee99e088663c20fa56e6e39f9587059b533d91fb66cd162f9276fa44790842e59de056af627b6bdc49f609ddf752baf0b89ca394fe4cf46bfe0efdc4aaa90a1ab21ab3d9a50ab5ec93b40158c6d1d4bfff007318f039c7f1d8d1adf8c8d033e240bfad6b28aa9aa296a842a2bf9dff00b8fcd4a945a3cdeefdc557334e97b67401598d16a0b70d142358802cdab04a5490216876ba2a7369a60faea80df1377b741bfaad00fc6ead9c424dc639dc03493e402a7f05635d770b788dc791cd32262ad9ab0c999138879b10ba38645dfcae7db2272f2e0a3f89b6f2badcd4fb65286d1b49162404922f8b3b9845000344fe4a517040d0fd16ea66582dd20d15fa65f9e264d54af1cbf8199a4057670d883583fe73e3fdd3109f53becc1e44fc7c97435aee291cafc3e2a32933462efc8379e6b956cecb655d46fb895840352b4e0c7b2091cdd5e6f972b92e8ca7758f4d137ada6df611c750791e053a732e2c9b4526e9b1f62b8cad061d3f78ccc78864e1d46a92a0dacb538f772870f464c8feee07dba277571e5f152c3c0d3106de327f4b82d25f70de82ff0005be6ce370e42ea25b63b4cda3840690677b06e375dd1fc470e5c8713e450e6a31b611c72c92518f6ce2f691b4bb91fd8e23e27f8a7703e8b4e623f33a9e961c4aac5672c85ce2e7125ce24924dc9273249e6b05c7cb91e496e67a2c18562828a04210ab2e042108036534ee8ded7c6e2d7b48735cd362d70370411a1057a27b35ed1a3af6086a1cd65534740d9c345cbd9c9d60496f99195c0f392ce290b5c1cd25ae6905ae06c41198208d082a1a4c592b3d59598ab9c486784697e27af44c692fbcef355eec476851cfbb0575992e8d98d8364e8fe0c775d0f4e363d3c7adb9ab354b1fc71d855a15956596f1e4656c685844324e7732584e99a8237d2b82d150fb052808fedb623dd51d43b8f76e03cdde11f3547e155ce8cdae40d14fbb52c48772d881f4df73fb59fdedee55bc4cb9b05746368a273719704e300c34cef0eb7846bd559b434c1a05942fb3d9c167747d36e7e639853e63550d352a66bde9c6d1be308905c84ad4346f3835b99cf21aad5a65f9d3326a9af8da100e6b44f5168dc01bb8f2b0b7fc0ba53503dacdf7699659dc2e0f3f6aeaed8e469fa385932cf0c5a5e4567c4adcd19596a8d6d69b2bcc08cb7acb0a88ee95e5660e4a09ec6206f031bf53a14e291fbcd2d77a4de0b1a88afa6bc142b6bb6ed9487721b3ea6c5aee2c6757f3703f97df6d0c4e6a2ad938f1ca72db143fdafda98e85a6f67caf69dc8afcee37dfc99f3b58712291aeac7ccf7492b8b9eed49f70039002c00495d58f9a474b2b8bdef37738ea4fd070b70b2d0b999b33c8fe8ee69f4d1c2befd82108549a410842001084200108420014df62bb459a8b7629819a9c5806dfc718fd0e3a8fd272cb2214210a1a4fb2536ba3d53b358e5356b3bca6943c0f49ba3d9d1ec39b7cf43c095d9731791b0fae9607896191d1bdba398e2d23da3874568ecc76cf2340657c5de0d3be8806bfcdd1e4d77b377c8aade3f45cb2fb2dda875946f16c42fe169f32b7536d552d5b2f4d335f966dbeebdbe6c75881d6d6507daec5b758f64077a422ce703e88e3edb25516dd0fb925642b6b311efea1c41bb59e06790d4fb4dd6383526f6678e992e539841b1c94b70a82cc6df2e20fd1698a3249df23dc3c398e0f69b39a7df6e6392b0308c7fbd666c6ef8c9c184800f0b824a82c6e37b65eed7fe58a774552e89e2460cb8b798e23cf256c610725b91564964d8d41d3270ea891dc6c3a64b7e1b298de48399691ec2b9f4b5ed7805a6f7e03323cf92754188c714c1d2b7786ebbc22cecee2c73c974b6251fca8e24724a5956f7cfd9dd655777190d76f39fa8173badb119f5cd47d99a9562f8a1631ad8e20448c24d87a2081c00eaa254e721e4abc1ca6ebb2dd670d46fa1c46b682b43168c57158299bbd3ccc8c6a378e67f6b4789dec055cda5d99229be10fca698862715330c93c8d8d838bb89d6c06ae3d05caaf31eed500059471dcff00165c879b631af993ec55c6298a4d52fef2791d23b9b8e839340c9a3a059326aa2b88f27430e8672e67c2ff0064db6bfb4b926bc547bd14798321ca478e9fc31e59f51a2af5085867394ddb3a98f1c71aa8a0421094704210800421080042108004210800421080042108037d17e233f737e614d99f8bfceeff006a54268f644ba23f57f8cefddf552a8ff0e3f67d1084ebb17c0e99afb07fdab747c3ccfd12213220efecc7a327b3eaba74ff008f1ff37d1085d2c5fdb3879bfc87fc964c9f80efd87e4abe83d01e4842a349d4bf92ff00c43b88e63d02f3f6d87ff327fddf409109359d21ff000dee471d0842c07581084200108420010842001084200fffd9, 21, 1),
(2142, 'demo', 'demopls', 'runana', 20, 'male', 2, '', 'dsdsad@gmail.com', 'dsadsa', '$2y$10$UIcaZLoWI4CW..nMj0pz4.yrp6BLQz83r9clFMmYcDLosHf08KeDa', NULL, 29, 0),
(21427984, 'Sasaki', 'NA', 'Jokiro', 20, 'male', 4, '', 'sasaki@gmail.com', 'cebu', '$2y$10$8p5pxBjuDswUBvVRqk/6i.GjDeTktBcRGMq7AN2GVrRx2t3grc.CS', NULL, 28, 1);

-- --------------------------------------------------------

--
-- Table structure for table `reservations`
--

CREATE TABLE `reservations` (
  `reservation_id` int(11) NOT NULL,
  `id_number` int(11) NOT NULL,
  `lab_number` varchar(20) NOT NULL,
  `computer_number` int(11) NOT NULL,
  `status` enum('pending','approved','declined') NOT NULL DEFAULT 'pending',
  `reservation_date` datetime NOT NULL,
  `admin_status` enum('pending','approved','declined') NOT NULL DEFAULT 'pending',
  `purpose` varchar(255) DEFAULT NULL,
  `admin_action_date` datetime DEFAULT NULL,
  `decline_reason` varchar(255) DEFAULT NULL
) ENGINE=InnoDB DEFAULT CHARSET=utf8mb4 COLLATE=utf8mb4_general_ci;

--
-- Dumping data for table `reservations`
--

INSERT INTO `reservations` (`reservation_id`, `id_number`, `lab_number`, `computer_number`, `status`, `reservation_date`, `admin_status`, `purpose`, `admin_action_date`, `decline_reason`) VALUES
(21, 12, '526', 43, 'pending', '2024-05-31 08:35:00', 'declined', 'JAVA', NULL, 'ALREADY BOOKED'),
(22, 11, '526', 6, 'pending', '2024-06-07 07:00:00', 'approved', 'C++', NULL, 'Guba PC'),
(23, 11, '528', 12, 'pending', '2024-06-08 07:20:00', 'approved', 'C++', NULL, NULL),
(24, 12, '526', 16, 'pending', '2024-05-30 02:45:00', 'approved', 'EXAM', NULL, NULL),
(32, 13, '526', 12, 'pending', '2024-05-30 04:08:00', 'approved', 'C++', NULL, NULL),
(42, 13, '526', 9, 'pending', '2024-05-31 05:28:00', 'approved', 'C++', NULL, NULL);

-- --------------------------------------------------------

--
-- Table structure for table `sitin_records`
--

CREATE TABLE `sitin_records` (
  `sitin_id` int(11) NOT NULL,
  `id_number` int(11) NOT NULL,
  `purpose` varchar(50) NOT NULL,
  `lab_number` varchar(20) NOT NULL,
  `time_in` timestamp NOT NULL DEFAULT current_timestamp(),
  `time_out` timestamp NULL DEFAULT NULL
) ENGINE=InnoDB DEFAULT CHARSET=utf8mb4 COLLATE=utf8mb4_general_ci;

--
-- Dumping data for table `sitin_records`
--

INSERT INTO `sitin_records` (`sitin_id`, `id_number`, `purpose`, `lab_number`, `time_in`, `time_out`) VALUES
(127, 12, 'JAVA', '524', '2024-05-26 13:18:45', '2024-05-26 13:19:43'),
(128, 1, 'PYTHON', '526', '2024-05-26 13:20:05', '2024-05-26 13:20:10'),
(129, 2, 'EXAM', '527', '2024-05-26 13:20:19', '2024-05-26 13:20:22'),
(130, 4, 'MS WORD', '528', '2024-05-26 13:20:41', '2024-05-26 13:20:43'),
(131, 5, 'C++', '526', '2024-05-26 13:20:58', '2024-05-26 13:21:02'),
(132, 6, 'C#', '527', '2024-05-26 13:21:12', '2024-05-26 13:21:16'),
(133, 21427984, 'C++', '524', '2024-05-26 13:21:36', '2024-05-26 13:21:39'),
(134, 2142, 'PYTHON', '528', '2024-05-26 13:22:01', '2024-05-26 13:22:05'),
(135, 11, 'EXAM', '526', '2024-05-26 13:22:21', '2024-05-26 13:22:25'),
(138, 11, 'C++', '526', '2024-05-27 19:09:59', '2024-05-27 19:10:37'),
(146, 1, 'C#', '540', '2024-05-27 20:15:05', '2024-05-27 20:15:16'),
(147, 1, 'PYTHON', '527', '2024-05-27 20:15:38', '2024-05-27 20:15:48');

--
-- Indexes for dumped tables
--

--
-- Indexes for table `admin`
--
ALTER TABLE `admin`
  ADD PRIMARY KEY (`admin_id`);

--
-- Indexes for table `announcements`
--
ALTER TABLE `announcements`
  ADD PRIMARY KEY (`id`);

--
-- Indexes for table `feedback`
--
ALTER TABLE `feedback`
  ADD PRIMARY KEY (`feedback_id`),
  ADD KEY `id_number` (`id_number`);

--
-- Indexes for table `registration`
--
ALTER TABLE `registration`
  ADD PRIMARY KEY (`id_number`);

--
-- Indexes for table `reservations`
--
ALTER TABLE `reservations`
  ADD PRIMARY KEY (`reservation_id`),
  ADD KEY `FK_student_reservation` (`id_number`);

--
-- Indexes for table `sitin_records`
--
ALTER TABLE `sitin_records`
  ADD PRIMARY KEY (`sitin_id`),
  ADD KEY `id_number` (`id_number`);

--
-- AUTO_INCREMENT for dumped tables
--

--
-- AUTO_INCREMENT for table `announcements`
--
ALTER TABLE `announcements`
  MODIFY `id` int(11) NOT NULL AUTO_INCREMENT, AUTO_INCREMENT=3;

--
-- AUTO_INCREMENT for table `feedback`
--
ALTER TABLE `feedback`
  MODIFY `feedback_id` int(11) NOT NULL AUTO_INCREMENT, AUTO_INCREMENT=24;

--
-- AUTO_INCREMENT for table `reservations`
--
ALTER TABLE `reservations`
  MODIFY `reservation_id` int(11) NOT NULL AUTO_INCREMENT, AUTO_INCREMENT=43;

--
-- AUTO_INCREMENT for table `sitin_records`
--
ALTER TABLE `sitin_records`
  MODIFY `sitin_id` int(11) NOT NULL AUTO_INCREMENT, AUTO_INCREMENT=152;

--
-- Constraints for dumped tables
--

--
-- Constraints for table `feedback`
--
ALTER TABLE `feedback`
  ADD CONSTRAINT `feedback_ibfk_1` FOREIGN KEY (`id_number`) REFERENCES `registration` (`id_number`);

--
-- Constraints for table `reservations`
--
ALTER TABLE `reservations`
  ADD CONSTRAINT `FK_student_reservation` FOREIGN KEY (`id_number`) REFERENCES `registration` (`id_number`);

--
-- Constraints for table `sitin_records`
--
ALTER TABLE `sitin_records`
  ADD CONSTRAINT `sitin_records_ibfk_1` FOREIGN KEY (`id_number`) REFERENCES `registration` (`id_number`);
COMMIT;

/*!40101 SET CHARACTER_SET_CLIENT=@OLD_CHARACTER_SET_CLIENT */;
/*!40101 SET CHARACTER_SET_RESULTS=@OLD_CHARACTER_SET_RESULTS */;
/*!40101 SET COLLATION_CONNECTION=@OLD_COLLATION_CONNECTION */;
